"TPR","FPR","F1"
1,0.999777777777778,0.181851245681033
1,0.999333333333333,0.181917409496089
1,1,0.181818181818182
1,0.999777777777778,0.181851245681033
1,0.999333333333333,0.181917409496089
1,0.999555555555556,0.18188432157148
1,0.999555555555556,0.18188432157148
1,0.999777777777778,0.181851245681033
1,1,0.181818181818182
1,0.999111111111111,0.181950509461427
1,0.999777777777778,0.181851245681033
1,1,0.181818181818182
1,0.998,0.182116190129302
1,1,0.181818181818182
1,1,0.181818181818182
1,0.998222222222222,0.182083029861617
1,1,0.181818181818182
1,0.996666666666667,0.182315405651778
1,0.999777777777778,0.181851245681033
1,0.999777777777778,0.181851245681033
1,1,0.181818181818182
1,1,0.181818181818182
1,0.999333333333333,0.181917409496089
1,0.999111111111111,0.181950509461427
1,1,0.181818181818182
1,0.996888888888889,0.1822821728035
1,0.999777777777778,0.181851245681033
1,0.999555555555556,0.18188432157148
1,1,0.181818181818182
1,0.999777777777778,0.181851245681033
1,1,0.181818181818182
1,0.999777777777778,0.181851245681033
1,0.999555555555556,0.18188432157148
1,1,0.181818181818182
1,1,0.181818181818182
1,0.999555555555556,0.18188432157148
1,1,0.181818181818182
1,1,0.181818181818182
1,1,0.181818181818182
1,1,0.181818181818182
1,0.997111111111111,0.182248952068526
1,0.999111111111111,0.181950509461427
1,1,0.181818181818182
1,1,0.181818181818182
1,0.999333333333333,0.181917409496089
1,1,0.181818181818182
1,0.998666666666667,0.18201674554059
1,1,0.181818181818182
1,1,0.181818181818182
1,1,0.181818181818182
