"TPR","FPR","F1"
1,0,1
1,0,1
1,0,1
1,0,1
1,0.000222222222222222,0.999000999000999
1,0,1
1,0,1
1,0,1
1,0,1
1,0,1
1,0,1
1,0.000222222222222222,0.999000999000999
1,0,1
1,0,1
1,0,1
1,0,1
1,0,1
1,0,1
1,0,1
1,0,1
1,0,1
1,0,1
1,0,1
1,0,1
1,0,1
1,0,1
1,0,1
1,0,1
1,0.000222222222222222,0.999000999000999
1,0,1
1,0,1
1,0,1
1,0,1
1,0,1
1,0,1
1,0,1
1,0,1
1,0,1
1,0,1
1,0,1
1,0,1
1,0,1
1,0,1
1,0,1
1,0,1
1,0,1
1,0,1
1,0,1
1,0,1
1,0.000222222222222222,0.999000999000999
