"TPR","FPR","F1"
1,0.973333333333333,0.185873605947955
1,1,0.181818181818182
1,0.990444444444444,0.183250870441635
1,0.592888888888889,0.272628135223555
1,1,0.181818181818182
1,0.995333333333333,0.182515057492243
1,0.610666666666667,0.266808964781217
1,0.997555555555556,0.182182546912006
1,1,0.181818181818182
1,0.940444444444444,0.191131498470948
1,1,0.181818181818182
1,0.999555555555556,0.18188432157148
1,0.996666666666667,0.182315405651778
1,1,0.181818181818182
1,1,0.181818181818182
1,1,0.181818181818182
1,1,0.181818181818182
1,1,0.181818181818182
1,1,0.181818181818182
1,0.921555555555556,0.194287934719254
1,0.006,0.973709834469328
1,0.999777777777778,0.181851245681033
1,1,0.181818181818182
1,0.999777777777778,0.181851245681033
1,1,0.181818181818182
1,1,0.181818181818182
1,1,0.181818181818182
1,1,0.181818181818182
1,0.0133333333333333,0.943396226415094
1,0.999777777777778,0.181851245681033
1,1,0.181818181818182
1,1,0.181818181818182
1,1,0.181818181818182
1,1,0.181818181818182
1,1,0.181818181818182
1,1,0.181818181818182
1,1,0.181818181818182
1,1,0.181818181818182
1,1,0.181818181818182
1,1,0.181818181818182
1,1,0.181818181818182
1,0.960666666666667,0.187863986473793
1,1,0.181818181818182
1,1,0.181818181818182
1,1,0.181818181818182
1,0.999777777777778,0.181851245681033
1,1,0.181818181818182
1,1,0.181818181818182
1,1,0.181818181818182
1,1,0.181818181818182
