"TPR","FPR","F1"
1,0.000982120487730956,0.995599904214197
1,0.00266666666666667,0.988142292490119
1,0.00244444444444444,0.989119683481701
1,0.00288888888888889,0.987166831194472
1,0.002,0.991080277502478
0.894,0.00533333333333333,0.920700308959835
0.964,0.00577777777777778,0.956349206349206
0.852,0.004,0.902542372881356
1,0.00911111111111111,0.96061479346782
1,0.0113333333333333,0.951474785918173
1,0.00866666666666667,0.962463907603465
0.962,0.004,0.962962962962963
0.848,0.002,0.908896034297964
0.922,0.00244444444444444,0.948559670781893
1,0.00333333333333333,0.985221674876847
0.997991967871486,0.00156459544032186,0.992003576173477
1,0.002,0.991080277502478
1,0.00488888888888889,0.978473581213307
0.984,0.00155555555555556,0.984984984984985
1,0.00177777777777778,0.992063492063492
0.998,0.00422222222222222,0.980353634577603
0.976,0.00333333333333333,0.973080757726819
1,0.00311111111111111,0.986193293885602
1,0.00511111111111111,0.977517106549365
1,0.00577906201378084,0.974653379549394
1,0.00311180262280507,0.986190267426567
1,0.00377777777777778,0.983284169124877
1,0.00422222222222222,0.98135426889107
1,0.00311111111111111,0.986193293885602
0.998,0.00155555555555556,0.992047713717694
1,0.00511111111111111,0.977517106549365
1,0.00311318656882366,0.986184210526316
0.998,0.00355555555555556,0.983251231527093
0.998,0.00355555555555556,0.983251231527093
1,0.00422222222222222,0.98135426889107
0.996,0.00133333333333333,0.99203187250996
0.998,0.00577777777777778,0.973658536585366
1,0.00377777777777778,0.983284169124877
1,0.00377777777777778,0.983284169124877
1,0.00311111111111111,0.986193293885602
1,0.00555555555555556,0.975609756097561
1,0.00466666666666667,0.979431929480901
0.988,0.000666666666666667,0.990972918756269
1,0.00311111111111111,0.986193293885602
1,0.00466666666666667,0.979431929480901
0.998,0.002,0.990079365079365
1,0.00244444444444444,0.989119683481701
1,0.00422222222222222,0.98135426889107
1,0.00355555555555556,0.984251968503937
0.994,0.00244444444444444,0.986111111111111
