"TPR","FPR","F1"
1,1,0.181818181818182
1,1,0.181818181818182
1,1,0.181818181818182
1,1,0.181818181818182
1,0.999555555555556,0.18188432157148
1,1,0.181818181818182
1,1,0.181818181818182
1,1,0.181818181818182
1,0.999777777777778,0.181851245681033
1,1,0.181818181818182
1,1,0.181818181818182
1,0.999777777777778,0.181851245681033
1,1,0.181818181818182
1,1,0.181818181818182
1,1,0.181818181818182
1,1,0.181818181818182
1,1,0.181818181818182
1,1,0.181818181818182
1,1,0.181818181818182
1,0.999777777777778,0.181851245681033
1,0.999777777777778,0.181851245681033
1,0.999555555555556,0.18188432157148
1,0.999777777777778,0.181851245681033
1,0.999333333333333,0.181917409496089
1,1,0.181818181818182
1,0.999777777777778,0.181851245681033
1,1,0.181818181818182
1,1,0.181818181818182
1,0.927111111111111,0.193348801237432
1,0.999555555555556,0.18188432157148
1,0.999777777777778,0.181851245681033
1,1,0.181818181818182
1,1,0.181818181818182
1,0.999555555555556,0.18188432157148
1,1,0.181818181818182
1,1,0.181818181818182
1,0.995111111111111,0.18254837531946
1,1,0.181818181818182
1,1,0.181818181818182
1,0.999777777777778,0.181851245681033
1,1,0.181818181818182
1,1,0.181818181818182
1,1,0.181818181818182
1,0.999777777777778,0.181851245681033
1,1,0.181818181818182
1,1,0.181818181818182
1,0.999777777777778,0.181851245681033
1,1,0.181818181818182
1,0.998666666666667,0.18201674554059
1,1,0.181818181818182
