"TPR","FPR","F1"
1,0.997337302772775,0.182215150361877
1,1,0.181818181818182
1,1,0.181818181818182
1,0.997147335055051,0.182243537979103
1,1,0.181818181818182
1,1,0.181818181818182
1,0.998549406077242,0.182034229065249
1,0.998056365158164,0.18210777810932
1,1,0.181818181818182
1,1,0.181818181818182
1,0.999604687312547,0.181877007690751
1,0.99879421760547,0.181997731540438
1,1,0.181818181818182
1,1,0.181818181818182
1,0.998737825279811,0.182006137446403
1,0.9983221974118,0.18206811538154
1,1,0.181818181818182
1,1,0.181818181818182
1,1,0.181818181818182
1,0.998767108476292,0.182001772362
1,0.996318378377674,0.182367515791284
1,0.999423646659764,0.18190396078169
1,0.999514800868567,0.181890388866204
1,1,0.181818181818182
1,0.998663090453248,0.182017278703468
1,0.996966022371499,0.182270640491842
1,0.999333333333333,0.181917409496089
1,0.999777777777778,0.181851245681033
1,0.999777777777778,0.181851245681033
1,1,0.181818181818182
1,0.999777777777778,0.181851245681033
1,1,0.181818181818182
1,0.999777777777778,0.181851245681033
1,1,0.181818181818182
1,1,0.181818181818182
1,1,0.181818181818182
1,1,0.181818181818182
1,0.998,0.182116190129302
1,1,0.181818181818182
1,0.999777777777778,0.181851245681033
1,1,0.181818181818182
1,1,0.181818181818182
1,0.999777777777778,0.181851245681033
1,1,0.181818181818182
1,0.997555555555556,0.182182546912006
1,1,0.181818181818182
1,0.989111111111111,0.183452577508714
1,1,0.181818181818182
1,0.998222222222222,0.182083029861617
1,1,0.181818181818182
