"TPR","FPR","F1"
1,0.000352667568082063,0.998415510534839
1,0.00041851930105143,0.998120203435418
1,0.000361841659866834,0.998374359540589
1,0.000352766360404252,0.998415067377289
1,0,1
1,0.000706823475645669,0.996829379171148
1,3.6873245215869e-06,0.999983407314975
1,0.000682527600068322,0.996938030254571
1,0.000581064734504862,0.997392027997245
1,0.000413987472980856,0.998140520477115
1,0.00048053810226123,0.997842244516588
1,0.000385909062236915,0.998266419739431
1,0.00053176858321016,0.997612753956563
1,0,1
1,0.000440178186358922,0.998023113980846
1,6.486803173062e-05,0.999708179041543
1,0.000150112737488602,0.999324948683406
1,7.82185896391224e-05,0.999648140195523
1,0.000123925714007214,0.999442645104683
1,9.24853440357886e-05,0.999583989088944
1,0.000444444444444444,0.998003992015968
1,0.000222222222222222,0.999000999000999
1,0.000444444444444444,0.998003992015968
1,0.000222222222222222,0.999000999000999
1,0.000888888888888889,0.99601593625498
1,0,1
1,0.000222222222222222,0.999000999000999
1,0.000444444444444444,0.998003992015968
1,0,1
1,0.000666666666666667,0.997008973080758
1,0.000222222222222222,0.999000999000999
1,0.000222222222222222,0.999000999000999
1,0,1
1,0,1
1,0.000444444444444444,0.998003992015968
1,0.000444444444444444,0.998003992015968
1,0.000222222222222222,0.999000999000999
1,0.000444444444444444,0.998003992015968
1,0.000222222222222222,0.999000999000999
1,0.000888888888888889,0.99601593625498
1,0.000222222222222222,0.999000999000999
1,0.000444444444444444,0.998003992015968
1,0,1
1,0,1
1,0.000222222222222222,0.999000999000999
1,0,1
1,0.000444444444444444,0.998003992015968
1,0.00111111111111111,0.995024875621891
1,0.000222222222222222,0.999000999000999
1,0.000888888888888889,0.99601593625498
