"TPR","FPR","F1"
1,1,0.181818181818182
1,1,0.181818181818182
1,0.998,0.182116190129302
1,0.773555555555556,0.223164472216023
1,1,0.181818181818182
1,0.879555555555556,0.201694231544978
1,1,0.181818181818182
1,1,0.181818181818182
1,0.999777777777778,0.181851245681033
1,1,0.181818181818182
1,0.999777777777778,0.181851245681033
1,0.999555555555556,0.18188432157148
1,0.999777777777778,0.181851245681033
1,0.978444444444444,0.185082361650935
1,1,0.181818181818182
1,1,0.181818181818182
1,0.999777777777778,0.181851245681033
1,1,0.181818181818182
1,1,0.181818181818182
1,1,0.181818181818182
1,1,0.181818181818182
1,1,0.181818181818182
1,0.999777777777778,0.181851245681033
1,0.999777777777778,0.181851245681033
1,0.864888888888889,0.204415372035977
1,1,0.181818181818182
1,1,0.181818181818182
1,1,0.181818181818182
1,0.999777777777778,0.181851245681033
1,1,0.181818181818182
1,0.999777777777778,0.181851245681033
1,0.999777777777778,0.181851245681033
1,1,0.181818181818182
1,0.999777777777778,0.181851245681033
1,1,0.181818181818182
1,0.999333333333333,0.181917409496089
1,1,0.181818181818182
1,0.999777777777778,0.181851245681033
1,0.999777777777778,0.181851245681033
1,0.999777777777778,0.181851245681033
1,1,0.181818181818182
1,0.994222222222222,0.182681768359518
1,1,0.181818181818182
1,0.999777777777778,0.181851245681033
1,1,0.181818181818182
1,0.989777777777778,0.183351668500183
1,0.983111111111111,0.184365781710914
1,1,0.181818181818182
1,0.999777777777778,0.181851245681033
1,0.999777777777778,0.181851245681033
